{
  "primock57_1_5": [
    {
      "order_type": "medication",
      "description": "Lasix 40mg once daily for 5 days",
      "reason": "Acute heart failure exacerbation",
      "provenance": [
        126
      ]
    },
    {
      "order_type": "lab",
      "description": "Hemoglobin A1c",
      "reason": "Type 1 diabetes",
      "provenance": [
        138
      ]
    }
  ],
  "acibench_D2N188_aci_clef_taskC_test3": [
    {
      "order_type": "medication",
      "description": "meloxicam 15 milligrams once a day",
      "reason": "acute right ankle sprain",
      "provenance": [
        58
      ]
    }
  ],
  "primock57_2_1": [
    {
      "order_type": "medication",
      "description": "lasix 40 milligrams a day",
      "reason": "shortness of breath acute heart failure exacerbation",
      "provenance": [
        126,
        127
      ]
    },
    {
      "order_type": "lab",
      "description": "hemoglobin a1c",
      "reason": "type i diabetes",
      "provenance": [
        138
      ]
    }
  ],
  "acibench_D2N079_aci_valid": [
    {
      "order_type": "medication",
      "description": "Tylenol",
      "reason": "pain management",
      "provenance": [
        16,
        18
      ]
    },
    {
      "order_type": "lab",
      "description": "shoulder X-ray",
      "reason": "diagnosis of rotator cuff tendinopathy",
      "provenance": [
        27
      ]
    },
    {
      "order_type": "referral",
      "description": "physical therapy",
      "reason": "rehabilitation for rotator cuff tendinopathy",
      "provenance": [
        29
      ]
    }
  ],
  "acibench_D2N069_virtassist_valid": [
    {
      "order_type": "medication",
      "description": "motrin 800 milligrams",
      "reason": "acute medial meniscus sprain",
      "provenance": [
        76
      ]
    }
  ],
  "acibench_D2N036_aci_train": [
    {
      "order_type": "lab",
      "description": "hemoglobin a1c",
      "reason": "type i diabetes",
      "provenance": [
        138
      ]
    }
  ],
  "acibench_D2N202_aci_clef_taskC_test3": [
    {
      "order_type": "medication",
      "description": "ibuprofen",
      "reason": "pain management",
      "provenance": [
        16,
        17
      ]
    },
    {
      "order_type": "lab",
      "description": "MRI of right shoulder",
      "reason": "rotator cuff tendinopathy",
      "provenance": [
        23
      ]
    },
    {
      "order_type": "followup",
      "description": "evaluation of right shoulder pain",
      "reason": "rotator cuff tendinopathy",
      "provenance": [
        29
      ]
    }
  ],
  "acibench_D2N172_virtassist_clef_taskC_test3": [
    {
      "order_type": "medication",
      "description": "zoloft 50 milligrams daily",
      "reason": "depression",
      "provenance": [
        79,
        81,
        82
      ]
    },
    {
      "order_type": "lab",
      "description": "hemoglobin a1c",
      "reason": "type i diabetes",
      "provenance": [
        138
      ]
    },
    {
      "order_type": "lab",
      "description": "zoloft 50 milligrams daily",
      "reason": "refill",
      "provenance": [
        79,
        80,
        81,
        82,
        83
      ]
    },
    {
      "order_type": "followup",
      "description": "follow-up appointment",
      "reason": "general health check-up",
      "provenance": [
        85,
        86
      ]
    }
  ],
  "acibench_D2N033_aci_train": [
    {
      "order_type": "medication",
      "description": "mobic",
      "reason": "torn or injured mcl",
      "provenance": [
        33
      ]
    },
    {
      "order_type": "lab",
      "description": "hemoglobin a1c",
      "reason": "diabetes",
      "provenance": [
        35
      ]
    },
    {
      "order_type": "lab",
      "description": "meniscus tear",
      "reason": "knee injury",
      "provenance": [
        33
      ]
    }
  ],
  "acibench_D2N194_aci_clef_taskC_test3": [
    {
      "order_type": "medication",
      "description": "tylenol",
      "reason": "pain management",
      "provenance": [
        22,
        23,
        26,
        27,
        28,
        30,
        31,
        32,
        33,
        34,
        35,
        36,
        37,
        38,
        39,
        40,
        41,
        42,
        43,
        44,
        45,
        46
      ]
    }
  ],
  "acibench_D2N013_virtassist_train": [
    {
      "order_type": "medication",
      "description": "metformin 500 mg twice a day",
      "reason": "diabetes",
      "provenance": [
        55,
        56
      ]
    },
    {
      "order_type": "lab",
      "description": "hemoglobin a1c",
      "reason": "diabetes",
      "provenance": [
        52,
        58
      ]
    },
    {
      "order_type": "lab",
      "description": "glucose",
      "reason": "diabetes",
      "provenance": [
        48
      ]
    },
    {
      "order_type": "lab",
      "description": "diabetes labs",
      "reason": "diabetes",
      "provenance": [
        52
      ]
    },
    {
      "order_type": "lab",
      "description": "hemoglobin a1c",
      "reason": "diabetes",
      "provenance": [
        59
      ]
    },
    {
      "order_type": "lab",
      "description": "glucose",
      "reason": "diabetes",
      "provenance": [
        48
      ]
    },
    {
      "order_type": "lab",
      "description": "diabetes labs",
      "reason": "diabetes",
      "provenance": [
        52
      ]
    },
    {
      "order_type": "lab",
      "description": "hemoglobin a1c",
      "reason": "diabetes",
      "provenance": [
        59
      ]
    },
    {
      "order_type": "lab",
      "description": "glucose",
      "reason": "diabetes",
      "provenance": [
        48
      ]
    },
    {
      "order_type": "lab",
      "description": "diabetes labs",
      "reason": "diabetes",
      "provenance": [
        52
      ]
    },
    {
      "order_type": "lab",
      "description": "hemoglobin a1c",
      "reason": "diabetes",
      "provenance": [
        59
      ]
    },
    {
      "order_type": "lab",
      "description": "glucose",
      "reason": "diabetes",
      "provenance": [
        48
      ]
    },
    {
      "order_type": "lab",
      "description": "diabetes labs",
      "reason": "diabetes",
      "provenance": [
        52
      ]
    },
    {
      "order_type": "lab",
      "description": "hemoglobin a1c",
      "reason": "diabetes",
      "provenance": [
        59
      ]
    },
    {
      "order_type": "lab",
      "description": "glucose",
      "reason": "diabetes",
      "provenance": [
        48
      ]
    },
    {
      "order_type": "lab",
      "description": "diabetes labs",
      "reason": "diabetes",
      "provenance": [
        52
      ]
    },
    {
      "order_type": "lab",
      "description": "hemoglobin a1c",
      "reason": "diabetes",
      "provenance": [
        59
      ]
    },
    {
      "order_type": "lab",
      "description": "glucose",
      "reason": "diabetes",
      "provenance": [
        48
      ]
    },
    {
      "order_type": "lab",
      "description": "diabetes labs",
      "reason": "diabetes",
      "provenance": [
        52
      ]
    },
    {
      "order_type": "lab",
      "description": "hemoglobin a1c",
      "reason": "diabetes",
      "provenance": [
        59
      ]
    },
    {
      "order_type": "lab",
      "description": "glucose",
      "reason": "diabetes",
      "provenance": [
        48
      ]
    },
    {
      "order_type": "lab",
      "description": "diabetes labs",
      "reason": "diabetes",
      "provenance": [
        52
      ]
    },
    {
      "order_type": "lab",
      "description": "hemoglobin a1c",
      "reason": "diabetes",
      "provenance": [
        59
      ]
    },
    {
      "order_type": "lab",
      "description": "glucose",
      "reason": "diabetes",
      "provenance": [
        48
      ]
    },
    {
      "order_type": "lab",
      "description": "diabetes labs",
      "reason": "diabetes",
      "provenance": [
        52
      ]
    },
    {
      "order_type": "lab",
      "description": "hemoglobin a1c",
      "reason": "diabetes",
      "provenance": [
        59
      ]
    },
    {
      "order_type": "lab",
      "description": "glucose",
      "reason": "diabetes",
      "provenance": [
        48
      ]
    },
    {
      "order_type": "lab",
      "description": "diabetes labs",
      "reason": "diabetes",
      "provenance": [
        52
      ]
    },
    {
      "order_type": "lab",
      "description": "hemoglobin a1c",
      "reason": "diabetes",
      "provenance": [
        59
      ]
    },
    {
      "order_type": "lab",
      "description": "glucose",
      "reason": "diabetes",
      "provenance": [
        48
      ]
    },
    {
      "order_type": "lab",
      "description": "diabetes labs",
      "reason": "diabetes",
      "provenance": [
        52
      ]
    },
    {
      "order_type": "lab",
      "description": "hemoglobin a1c",
      "reason": "diabetes",
      "provenance": [
        59
      ]
    },
    {
      "order_type": "lab",
      "description": "glucose",
      "reason": "diabetes",
      "provenance": [
        48
      ]
    },
    {
      "order_type": "lab",
      "description": "diabetes labs",
      "reason": "diabetes",
      "provenance": [
        52
      ]
    },
    {
      "order_type": "lab",
      "description": "hemoglobin a1c",
      "reason": "diabetes",
      "provenance": [
        59
      ]
    },
    {
      "order_type": "lab",
      "description": "glucose",
      "reason": "diabetes",
      "provenance": [
        48
      ]
    },
    {
      "order_type": "lab",
      "description": "diabetes labs",
      "reason": "diabetes",
      "provenance": [
        52
      ]
    },
    {
      "order_type": "lab",
      "description": "hemoglobin a1c",
      "reason": "diabetes",
      "provenance": [
        59
      ]
    },
    {
      "order_type": "lab",
      "description": "glucose",
      "reason": "diabetes",
      "provenance": [
        48
      ]
    },
    {
      "order_type": "lab",
      "description": "diabetes labs",
      "reason": "diabetes",
      "provenance": [
        52
      ]
    },
    {
      "order_type": "lab",
      "description": "hemoglobin a1c",
      "reason": "diabetes",
      "provenance": [
        59
      ]
    },
    {
      "order_type": "lab",
      "description": "glucose",
      "reason": "diabetes",
      "provenance": [
        48
      ]
    },
    {
      "order_type": "lab",
      "description": "diabetes labs",
      "reason": "diabetes",
      "provenance": [
        52
      ]
    },
    {
      "order_type": "lab",
      "description": "hemoglobin a1c",
      "reason": "diabetes",
      "provenance": [
        59
      ]
    },
    {
      "order_type": "lab",
      "description": "glucose",
      "reason": "diabetes",
      "provenance": [
        48
      ]
    },
    {
      "order_type": "lab",
      "description": "diabetes labs",
      "reason": "diabetes",
      "provenance": [
        52
      ]
    },
    {
      "order_type": "lab",
      "description": "hemoglobin a1c",
      "reason": "diabetes",
      "provenance": "None"
    }
  ],
  "acibench_D2N071_virtassist_valid": [
    {
      "order_type": "medication",
      "description": "lasix 40 milligrams a day",
      "reason": "shortness of breath acute heart failure exacerbation",
      "provenance": [
        126,
        127
      ]
    },
    {
      "order_type": "lab",
      "description": "hemoglobin a1c",
      "reason": "type i diabetes",
      "provenance": [
        138
      ]
    }
  ],
  "acibench_D2N048_aci_train": [
    {
      "order_type": "medication",
      "description": "lasix 40 milligrams a day",
      "reason": "shortness of breath acute heart failure exacerbation",
      "provenance": [
        126,
        127
      ]
    }
  ],
  "primock57_5_1": [
    {
      "order_type": "medication",
      "description": "Paracetamol",
      "reason": "painful headache",
      "provenance": [
        102
      ]
    },
    {
      "order_type": "medication",
      "description": "Ibuprofen",
      "reason": "painful headache",
      "provenance": [
        106
      ]
    },
    {
      "order_type": "lab",
      "description": "blood pressure check",
      "reason": "monitoring blood pressure",
      "provenance": [
        84
      ]
    },
    {
      "order_type": "lab",
      "description": "thermometer check",
      "reason": "monitoring temperature",
      "provenance": [
        89
      ]
    },
    {
      "order_type": "lab",
      "description": "hemoglobin a1c test",
      "reason": "monitoring blood sugar levels",
      "provenance": [
        138
      ]
    }
  ],
  "primock57_5_6": [
    {
      "order_type": "medication",
      "description": "lasix 40mg daily",
      "reason": "shortness of breath exacerbation",
      "provenance": [
        126,
        127
      ]
    },
    {
      "order_type": "lab",
      "description": "hemoglobin A1c",
      "reason": "type 1 diabetes",
      "provenance": [
        138
      ]
    }
  ],
  "acibench_D2N159_aci_clinicalnlp_taskC_test2": [
    {
      "order_type": "medication",
      "description": "ibuprofen",
      "reason": "pain associated with carpal tunnel syndrome",
      "provenance": [
        21,
        22,
        23,
        24,
        25,
        26,
        27,
        28,
        29,
        30,
        31,
        32,
        33,
        34,
        35,
        36,
        37,
        38,
        39,
        40,
        41
      ]
    }
  ],
  "acibench_D2N004_virtassist_train": [
    {
      "order_type": "medication",
      "description": "meloxicam 15 milligrams once a day",
      "reason": "acute lumbar strain",
      "provenance": [
        136
      ]
    },
    {
      "order_type": "lab",
      "description": "hemoglobin a1c",
      "reason": "type 2 diabetes",
      "provenance": [
        148
      ]
    },
    {
      "order_type": "lab",
      "description": "back x-ray",
      "reason": "back pain",
      "provenance": [
        125
      ]
    },
    {
      "order_type": "lab",
      "description": "diabetic labs",
      "reason": "type 2 diabetes",
      "provenance": [
        129
      ]
    },
    {
      "order_type": "imaging",
      "description": "mri",
      "reason": "acute lumbar strain",
      "provenance": [
        138
      ]
    },
    {
      "order_type": "followup",
      "description": "lisinopril and lasix",
      "reason": "congestive heart failure",
      "provenance": [
        153,
        154,
        158
      ]
    },
    {
      "order_type": "referral",
      "description": "physical therapy",
      "reason": "acute lumbar strain",
      "provenance": [
        136
      ]
    }
  ],
  "acibench_D2N180_virtscribe_clef_taskC_test3": [
    {
      "order_type": "lab",
      "description": "hemoglobin a1c",
      "reason": "type i diabetes",
      "provenance": [
        138
      ]
    }
  ],
  "primock57_5_2": [
    {
      "order_type": "medication",
      "description": "Mebeverine 200 milligrams",
      "reason": "constipation",
      "provenance": [
        77,
        80,
        81,
        82,
        83,
        84,
        85,
        86,
        87,
        88,
        89,
        90,
        91,
        92,
        93,
        94,
        95,
        96,
        97,
        98,
        99,
        100,
        101,
        102,
        103,
        104,
        105,
        106
      ]
    },
    {
      "order_type": "lab",
      "description": "urine culture",
      "reason": "infection",
      "provenance": [
        110,
        111,
        112,
        113,
        114,
        115,
        116,
        117,
        118,
        119,
        120,
        121,
        122,
        123,
        124,
        125,
        126,
        127,
        128,
        129,
        130,
        131,
        132,
        133,
        134,
        135,
        136,
        137,
        138
      ]
    }
  ],
  "acibench_D2N143_virtscribe_clinicalnlp_taskC_test2": [
    {
      "order_type": "lab",
      "description": "std testing",
      "reason": "symptoms of discomfort, change in discharge, and odor in vaginal region",
      "provenance": [
        16,
        17,
        18,
        19,
        20,
        21,
        22,
        23,
        24,
        25,
        26,
        27,
        28,
        29,
        30,
        31,
        32,
        33,
        34,
        35,
        36,
        37,
        38,
        39,
        40,
        41,
        42,
        43,
        44,
        45,
        46,
        47,
        48,
        49,
        50,
        51,
        52,
        53,
        54,
        55,
        56,
        57,
        58,
        59,
        60,
        61,
        62,
        63,
        64,
        65,
        66,
        67,
        68,
        69,
        70,
        71,
        72,
        73,
        74,
        75,
        76,
        77,
        78,
        79,
        80,
        81,
        82
      ]
    }
  ],
  "acibench_D2N147_aci_clinicalnlp_taskC_test2": [
    {
      "order_type": "medication",
      "description": "meloxicam 15 milligrams once a day",
      "reason": "acute acromioclavicular joint fracture",
      "provenance": [
        46
      ]
    },
    {
      "order_type": "lab",
      "description": "cat scan of right shoulder",
      "reason": "acute acromioclavicular joint fracture",
      "provenance": [
        48
      ]
    },
    {
      "order_type": "referral",
      "description": "referral to physical therapy",
      "reason": "acute acromioclavicular joint fracture",
      "provenance": [
        49
      ]
    }
  ],
  "primock57_2_7": [
    {
      "order_type": "medication",
      "description": "lasix 40 milligrams a day",
      "reason": "shortness of breath acute heart failure exacerbation",
      "provenance": [
        126,
        127
      ]
    },
    {
      "order_type": "lab",
      "description": "hemoglobin a1c",
      "reason": "type i diabetes",
      "provenance": [
        138
      ]
    }
  ],
  "acibench_D2N127_aci_clinicalnlp_taskB_test1": [
    {
      "order_type": "medication",
      "description": "robaxin 1500 milligrams",
      "reason": "pain management",
      "provenance": [
        74,
        75
      ]
    },
    {
      "order_type": "lab",
      "description": "CT scan",
      "reason": "diagnosis of neck injury",
      "provenance": [
        72,
        73
      ]
    },
    {
      "order_type": "imaging",
      "description": "MRI scan",
      "reason": "diagnosis of neck injury",
      "provenance": [
        72,
        73
      ]
    },
    {
      "order_type": "followup",
      "description": "physical therapy",
      "reason": "treatment of neck injury",
      "provenance": [
        79
      ]
    }
  ],
  "acibench_D2N175_virtassist_clef_taskC_test3": [
    {
      "order_type": "medication",
      "description": "jardiance 10 milligrams a day",
      "reason": "diabetes",
      "provenance": [
        91
      ]
    },
    {
      "order_type": "lab",
      "description": "hemoglobin a1c",
      "reason": "diabetes",
      "provenance": [
        35
      ]
    },
    {
      "order_type": "lab",
      "description": "CBC, CMP, and lipid panel",
      "reason": "diabetes and high blood pressure",
      "provenance": [
        96
      ]
    }
  ],
  "acibench_D2N056_aci_train": [
    {
      "order_type": "medication",
      "description": "oral steroid",
      "reason": "hypersensitivity pneumonitis (farmer's lung)",
      "provenance": [
        33
      ]
    },
    {
      "order_type": "lab",
      "description": "cat scan of lungs",
      "reason": "confirm diagnosis of hypersensitivity pneumonitis (farmer's lung)",
      "provenance": [
        33
      ]
    },
    {
      "order_type": "lab",
      "description": "pulmonary function test",
      "reason": "assess respiratory impairment",
      "provenance": [
        33
      ]
    }
  ],
  "primock57_3_9": [
    {
      "order_type": "medication",
      "description": "Lasix 40mg daily",
      "reason": "Shortness of breath exacerbation in acute heart failure exacerbation",
      "provenance": [
        126
      ]
    },
    {
      "order_type": "lab",
      "description": "Hemoglobin A1c",
      "reason": "Type 1 diabetes",
      "provenance": [
        138
      ]
    },
    {
      "order_type": "imaging",
      "description": "MRI brain",
      "reason": "Suspected multiple sclerosis",
      "provenance": [
        179
      ]
    }
  ],
  "acibench_D2N154_aci_clinicalnlp_taskC_test2": [
    {
      "order_type": "medication",
      "description": "ibuprofen or advil",
      "reason": "to eliminate tendinitis type pain around the achilles tendon",
      "provenance": [
        41
      ]
    }
  ],
  "acibench_D2N201_aci_clef_taskC_test3": [
    {
      "order_type": "medication",
      "description": "lasix 40 milligrams a day",
      "reason": "shortness of breath acute heart failure exacerbation",
      "provenance": [
        126,
        127
      ]
    },
    {
      "order_type": "lab",
      "description": "hemoglobin a1c",
      "reason": "type i diabetes",
      "provenance": [
        138
      ]
    }
  ],
  "acibench_D2N084_aci_valid": [
    {
      "order_type": "medication",
      "description": "bumex 2 milligrams once daily",
      "reason": "hypertension",
      "provenance": [
        27,
        28
      ]
    },
    {
      "order_type": "medication",
      "description": "cozaar 100 milligrams daily",
      "reason": "hypertension",
      "provenance": [
        27,
        28,
        33
      ]
    },
    {
      "order_type": "medication",
      "description": "norvasc 5 milligrams once daily",
      "reason": "hypertension",
      "provenance": [
        27,
        28,
        33
      ]
    },
    {
      "order_type": "lab",
      "description": "renal artery ultrasound",
      "reason": "hypertension",
      "provenance": [
        33
      ]
    },
    {
      "order_type": "followup",
      "description": "nutritionist consultation",
      "reason": "hypertension",
      "provenance": [
        28,
        33
      ]
    }
  ],
  "acibench_D2N179_virtscribe_clef_taskC_test3": [
    {
      "order_type": "lab",
      "description": "hemoglobin a1c",
      "reason": "type i diabetes",
      "provenance": [
        138
      ]
    }
  ],
  "acibench_D2N138_virtscribe_clinicalnlp_taskC_test2": [
    {
      "order_type": "medication",
      "description": "lasix 40mg once daily",
      "reason": "shortness of breath exacerbation",
      "provenance": [
        126
      ]
    },
    {
      "order_type": "medication",
      "description": "albuterol inhaler as needed",
      "reason": "asthma",
      "provenance": [
        127
      ]
    },
    {
      "order_type": "medication",
      "description": "zyrtec 10mg as needed",
      "reason": "allergy",
      "provenance": [
        128
      ]
    },
    {
      "order_type": "medication",
      "description": "epinephrine autoinjector as needed",
      "reason": "asthma",
      "provenance": [
        129
      ]
    },
    {
      "order_type": "medication",
      "description": "symbicort 25/50mg twice daily",
      "reason": "asthma",
      "provenance": [
        130
      ]
    },
    {
      "order_type": "medication",
      "description": "fluticasone nasal spray once daily",
      "reason": "allergy",
      "provenance": [
        131
      ]
    },
    {
      "order_type": "medication",
      "description": "alvesco 80mcg twice daily",
      "reason": "asthma",
      "provenance": [
        132
      ]
    },
    {
      "order_type": "medication",
      "description": "albuterol inhaler as needed",
      "reason": "asthma",
      "provenance": [
        133
      ]
    },
    {
      "order_type": "medication",
      "description": "epinephrine autoinjector as needed",
      "reason": "asthma",
      "provenance": [
        134
      ]
    },
    {
      "order_type": "medication",
      "description": "symbicort 25/50mg twice daily",
      "reason": "asthma",
      "provenance": [
        135
      ]
    },
    {
      "order_type": "medication",
      "description": "fluticasone nasal spray once daily",
      "reason": "allergy",
      "provenance": [
        136
      ]
    },
    {
      "order_type": "medication",
      "description": "alvesco 80mcg twice daily",
      "reason": "asthma",
      "provenance": [
        137
      ]
    },
    {
      "order_type": "medication",
      "description": "albuterol inhaler as needed",
      "reason": "asthma",
      "provenance": [
        138
      ]
    },
    {
      "order_type": "medication",
      "description": "epinephrine autoinjector as needed",
      "reason": "asthma",
      "provenance": [
        139
      ]
    },
    {
      "order_type": "medication",
      "description": "symbicort 25/50mg twice daily",
      "reason": "asthma",
      "provenance": [
        140
      ]
    },
    {
      "order_type": "medication",
      "description": "fluticasone nasal spray once daily",
      "reason": "allergy",
      "provenance": [
        141
      ]
    },
    {
      "order_type": "medication",
      "description": "alvesco 80mcg twice daily",
      "reason": "asthma",
      "provenance": [
        142
      ]
    },
    {
      "order_type": "medication",
      "description": "albuterol inhaler as needed",
      "reason": "asthma",
      "provenance": [
        143
      ]
    },
    {
      "order_type": "medication",
      "description": "epinephrine autoinjector as needed",
      "reason": "asthma",
      "provenance": [
        144
      ]
    },
    {
      "order_type": "medication",
      "description": "symbicort 25/50mg twice daily",
      "reason": "asthma",
      "provenance": [
        145
      ]
    },
    {
      "order_type": "medication",
      "description": "fluticasone nasal spray once daily",
      "reason": "allergy",
      "provenance": [
        146
      ]
    },
    {
      "order_type": "medication",
      "description": "alvesco 80mcg twice daily",
      "reason": "asthma",
      "provenance": [
        147
      ]
    },
    {
      "order_type": "medication",
      "description": "albuterol inhaler as needed",
      "reason": "asthma",
      "provenance": [
        148
      ]
    },
    {
      "order_type": "medication",
      "description": "epinephrine autoinjector as needed",
      "reason": "asthma",
      "provenance": [
        149
      ]
    },
    {
      "order_type": "medication",
      "description": "symbicort 25/50mg twice daily",
      "reason": "asthma",
      "provenance": [
        150
      ]
    },
    {
      "order_type": "medication",
      "description": "fluticasone nasal spray once daily",
      "reason": "allergy",
      "provenance": [
        151
      ]
    },
    {
      "order_type": "medication",
      "description": "alvesco 80mcg twice daily",
      "reason": "asthma",
      "provenance": [
        152
      ]
    },
    {
      "order_type": "medication",
      "description": "albuterol inhaler as needed",
      "reason": "asthma",
      "provenance": [
        153
      ]
    },
    {
      "order_type": "medication",
      "description": "epinephrine autoinjector as needed",
      "reason": "asthma",
      "provenance": [
        154
      ]
    },
    {
      "order_type": "medication",
      "description": "symbicort 25/50mg twice daily",
      "reason": "asthma",
      "provenance": [
        155
      ]
    },
    {
      "order_type": "medication",
      "description": "fluticasone nasal spray once daily",
      "reason": "allergy",
      "provenance": [
        156
      ]
    },
    {
      "order_type": "medication",
      "description": "alvesco 80mcg twice daily",
      "reason": "asthma",
      "provenance": [
        157
      ]
    },
    {
      "order_type": "medication",
      "description": "albuterol inhaler as needed",
      "reason": "asthma",
      "provenance": [
        158
      ]
    },
    {
      "order_type": "medication",
      "description": "epinephrine autoinjector as needed",
      "reason": "asthma",
      "provenance": [
        159
      ]
    },
    {
      "order_type": "medication",
      "description": "symbicort 25/50mg twice daily",
      "reason": "asthma",
      "provenance": [
        160
      ]
    },
    {
      "order_type": "medication",
      "description": "fluticasone nasal spray once daily",
      "reason": "allergy",
      "provenance": [
        161
      ]
    }
  ],
  "acibench_D2N045_aci_train": [
    {
      "order_type": "medication",
      "description": "two tylenol five hundred milligrams and two ibuprofen two hundred milligram tablets",
      "reason": "knee sprain from overuse",
      "provenance": [
        26
      ]
    },
    {
      "order_type": "lab",
      "description": "x-rays of the right knee",
      "reason": "knee sprain from overuse",
      "provenance": [
        26
      ]
    },
    {
      "order_type": "lab",
      "description": "hemoglobin a1c",
      "reason": "type i diabetes",
      "provenance": [
        138
      ]
    }
  ],
  "acibench_D2N195_aci_clef_taskC_test3": [
    {
      "order_type": "medication",
      "description": "lasix 40 milligrams a day",
      "reason": "shortness of breath acute heart failure exacerbation",
      "provenance": [
        126,
        127
      ]
    },
    {
      "order_type": "lab",
      "description": "hemoglobin a1c",
      "reason": "type i diabetes",
      "provenance": [
        138
      ]
    }
  ],
  "primock57_2_3": [
    {
      "order_type": "medication",
      "description": "lasix 40 milligrams a day",
      "reason": "shortness of breath acute heart failure exacerbation",
      "provenance": [
        126,
        127
      ]
    },
    {
      "order_type": "lab",
      "description": "hemoglobin a1c",
      "reason": "type i diabetes",
      "provenance": [
        138
      ]
    }
  ],
  "acibench_D2N078_aci_valid": [
    {
      "order_type": "medication",
      "description": "ibuprofen 800 milligrams",
      "reason": "right knee pain",
      "provenance": [
        23,
        25,
        26,
        27,
        28,
        29,
        30,
        31,
        32,
        33,
        34,
        35,
        36,
        37,
        38,
        39,
        40,
        41
      ]
    }
  ],
  "acibench_D2N137_virtassist_clinicalnlp_taskC_test2": [
    {
      "order_type": "medication",
      "description": "lisinopril 10 milligrams a day",
      "reason": "hypertension",
      "provenance": [
        86,
        87
      ]
    },
    {
      "order_type": "lab",
      "description": "blood pressure",
      "reason": "hypertension",
      "provenance": [
        80,
        81,
        82,
        83
      ]
    },
    {
      "order_type": "lab",
      "description": "labs",
      "reason": "general health check",
      "provenance": [
        84
      ]
    }
  ],
  "primock57_1_9": [
    {
      "order_type": "medication",
      "description": "Lasix 40mg once daily for 3 days",
      "reason": "Shortness of breath due to acute heart failure exacerbation",
      "provenance": [
        126,
        127
      ]
    },
    {
      "order_type": "lab",
      "description": "Hemoglobin A1c",
      "reason": "Type 1 diabetes",
      "provenance": [
        138
      ]
    },
    {
      "order_type": "imaging",
      "description": "Ultrasound of the kidneys",
      "reason": "Acute heart failure exacerbation",
      "provenance": [
        139
      ]
    },
    {
      "order_type": "followup",
      "description": "Follow-up appointment for type 1 diabetes",
      "reason": "Type 1 diabetes",
      "provenance": [
        140
      ]
    },
    {
      "order_type": "referral",
      "description": "Referral to endocrinologist for type 1 diabetes",
      "reason": "Type 1 diabetes",
      "provenance": [
        141
      ]
    }
  ],
  "primock57_5_3": [
    {
      "order_type": "medication",
      "description": "lasix 40mg daily",
      "reason": "shortness of breath exacerbation",
      "provenance": [
        126,
        127
      ]
    },
    {
      "order_type": "lab",
      "description": "hemoglobin A1c",
      "reason": "type 1 diabetes",
      "provenance": [
        138
      ]
    }
  ],
  "acibench_D2N116_aci_clinicalnlp_taskB_test1": [
    {
      "order_type": "medication",
      "description": "Tylenol",
      "reason": "rotator cuff tendinopathy",
      "provenance": [
        28
      ]
    },
    {
      "order_type": "lab",
      "description": "MRI of the shoulder",
      "reason": "rotator cuff tendinopathy",
      "provenance": [
        28
      ]
    },
    {
      "order_type": "referral",
      "description": "Physical therapy",
      "reason": "rotator cuff tendinopathy",
      "provenance": [
        28
      ]
    }
  ],
  "acibench_D2N184_virtscribe_clef_taskC_test3": [
    {
      "order_type": "medication",
      "description": "lasix 40 milligrams a day",
      "reason": "shortness of breath acute heart failure exacerbation",
      "provenance": [
        126,
        127
      ]
    },
    {
      "order_type": "lab",
      "description": "hemoglobin a1c",
      "reason": "type i diabetes",
      "provenance": [
        138
      ]
    }
  ],
  "acibench_D2N117_aci_clinicalnlp_taskB_test1": [
    {
      "order_type": "medication",
      "description": "ultram 50 milligrams once per day",
      "reason": "acute lateral epicondylitis (tennis elbow)",
      "provenance": [
        47
      ]
    },
    {
      "order_type": "medication",
      "description": "metformin 1000 milligrams twice a day",
      "reason": "diabetes type two",
      "provenance": [
        39
      ]
    },
    {
      "order_type": "medication",
      "description": "albuterol as needed",
      "reason": "asthma",
      "provenance": [
        41
      ]
    }
  ],
  "acibench_D2N087_aci_valid": [
    {
      "order_type": "medication",
      "description": "doxycycline 100 milligrams twice a day",
      "reason": "possible Lyme disease",
      "provenance": [
        69
      ]
    },
    {
      "order_type": "lab",
      "description": "lyme titer and western blot",
      "reason": "diagnosis of Lyme disease",
      "provenance": [
        69
      ]
    },
    {
      "order_type": "lab",
      "description": "lipid panel",
      "reason": "monitoring hypertension",
      "provenance": [
        75
      ]
    },
    {
      "order_type": "lab",
      "description": "hemoglobin A1c",
      "reason": "monitoring diabetes",
      "provenance": [
        76
      ]
    },
    {
      "order_type": "lab",
      "description": "basic metabolic panel",
      "reason": "monitoring kidney function",
      "provenance": [
        78
      ]
    }
  ],
  "acibench_D2N058_aci_train": [
    {
      "order_type": "medication",
      "description": "aspirin 81 milligrams daily",
      "reason": "coronary artery disease",
      "provenance": [
        1,
        37
      ]
    },
    {
      "order_type": "medication",
      "description": "brilinta 90 milligrams twice daily",
      "reason": "coronary artery disease",
      "provenance": [
        1,
        37
      ]
    },
    {
      "order_type": "medication",
      "description": "high dose statin (atorvastatin) 80 milligrams daily",
      "reason": "coronary artery disease",
      "provenance": [
        1,
        37
      ]
    },
    {
      "order_type": "medication",
      "description": "lisinopril 20 milligrams a day",
      "reason": "left ventricular dysfunction and moderate mitral regurgitation",
      "provenance": [
        38,
        40
      ]
    },
    {
      "order_type": "medication",
      "description": "aldactone 5 milligrams daily",
      "reason": "left ventricular dysfunction and moderate mitral regurgitation",
      "provenance": [
        38,
        40
      ]
    },
    {
      "order_type": "medication",
      "description": "toprol 50 milligrams daily",
      "reason": "hypertension",
      "provenance": [
        43
      ]
    },
    {
      "order_type": "lab",
      "description": "echocardiogram",
      "reason": "left ventricular dysfunction and moderate mitral regurgitation",
      "provenance": [
        38,
        40,
        41
      ]
    },
    {
      "order_type": "lab",
      "description": "labs",
      "reason": "left ventricular dysfunction and moderate mitral regurgitation",
      "provenance": [
        38,
        40,
        41
      ]
    },
    {
      "order_type": "lab",
      "description": "blood pressure monitoring",
      "reason": "hypertension",
      "provenance": [
        42
      ]
    }
  ],
  "acibench_D2N003_virtassist_train": [
    {
      "order_type": "medication",
      "description": "ultram 50 milligrams as needed every six hours for pain",
      "reason": "recurrence of kidney stones",
      "provenance": [
        89,
        91,
        92,
        93,
        94,
        95,
        96,
        97,
        98,
        99,
        100,
        101,
        102,
        103,
        104,
        105,
        106,
        107,
        108,
        109,
        110,
        111,
        112,
        113,
        114,
        115
      ]
    }
  ],
  "acibench_D2N163_aci_clinicalnlp_taskC_test2": [
    {
      "order_type": "lab",
      "description": "full cholesterol panel",
      "reason": "elevated cholesterol",
      "provenance": [
        24,
        30,
        36,
        37,
        40,
        41,
        42,
        43,
        44,
        45,
        46,
        47,
        48,
        49
      ]
    },
    {
      "order_type": "lab",
      "description": "complete metabolic panel",
      "reason": "elevated cholesterol",
      "provenance": [
        24,
        30,
        36,
        37,
        40,
        41,
        42,
        43,
        44,
        45,
        46,
        47,
        48,
        49
      ]
    },
    {
      "order_type": "lab",
      "description": "thyroid studies",
      "reason": "elevated cholesterol",
      "provenance": [
        24,
        30,
        36,
        37,
        40,
        41,
        42,
        43,
        44,
        45,
        46,
        47,
        48,
        49
      ]
    },
    {
      "order_type": "lab",
      "description": "liver panels",
      "reason": "elevated cholesterol",
      "provenance": [
        24,
        30,
        36,
        37,
        40,
        41,
        42,
        43,
        44,
        45,
        46,
        47,
        48,
        49
      ]
    },
    {
      "order_type": "lab",
      "description": "genetic testing",
      "reason": "familial or secondary cause of elevated cholesterol",
      "provenance": [
        24,
        30,
        36,
        37,
        40,
        41,
        42,
        43,
        44,
        45,
        46,
        47,
        48,
        49
      ]
    },
    {
      "order_type": "followup",
      "description": "well-balanced diet",
      "reason": "elevated cholesterol",
      "provenance": [
        50,
        51
      ]
    },
    {
      "order_type": "followup",
      "description": "exercise",
      "reason": "elevated cholesterol",
      "provenance": [
        50,
        51
      ]
    }
  ],
  "acibench_D2N100_virtscribe_clinicalnlp_taskB_test1": [
    {
      "order_type": "medication",
      "description": "adapalene 0.1% cream",
      "reason": "acne",
      "provenance": [
        64,
        65,
        67,
        68
      ]
    },
    {
      "order_type": "lab",
      "description": "benign nevi on the trunk and extremities",
      "reason": "acne",
      "provenance": [
        55,
        56,
        57,
        58
      ]
    },
    {
      "order_type": "lab",
      "description": "erythmateous papules on the face",
      "reason": "acne",
      "provenance": [
        58
      ]
    },
    {
      "order_type": "lab",
      "description": "open and closed comedones",
      "reason": "acne",
      "provenance": [
        56,
        57
      ]
    },
    {
      "order_type": "lab",
      "description": "scattered skin colored papules",
      "reason": "acne",
      "provenance": [
        56,
        57
      ]
    },
    {
      "order_type": "lab",
      "description": "multiple benign moles on the arms, legs, back and abdomen",
      "reason": "acne",
      "provenance": [
        77
      ]
    }
  ],
  "acibench_D2N106_aci_clinicalnlp_taskB_test1": [
    {
      "order_type": "medication",
      "description": "albuterol inhaler",
      "reason": "asthma",
      "provenance": [
        57,
        58
      ]
    },
    {
      "order_type": "medication",
      "description": "singulair 10 milligrams",
      "reason": "asthma",
      "provenance": [
        58
      ]
    },
    {
      "order_type": "lab",
      "description": "allergy testing",
      "reason": "asthma",
      "provenance": [
        62
      ]
    }
  ],
  "acibench_D2N141_virtscribe_clinicalnlp_taskC_test2": [
    {
      "order_type": "medication",
      "description": "lasix 40 milligrams a day",
      "reason": "shortness of breath acute heart failure exacerbation",
      "provenance": [
        126,
        127
      ]
    },
    {
      "order_type": "lab",
      "description": "hemoglobin a1c",
      "reason": "type i diabetes",
      "provenance": [
        138
      ]
    }
  ],
  "acibench_D2N139_virtscribe_clinicalnlp_taskC_test2": [
    {
      "order_type": "medication",
      "description": "lasix 40mg daily",
      "reason": "hypertension",
      "provenance": [
        12
      ]
    },
    {
      "order_type": "lab",
      "description": "hemoglobin A1c",
      "reason": "type 1 diabetes",
      "provenance": [
        38
      ]
    },
    {
      "order_type": "imaging",
      "description": "echocardiogram",
      "reason": "acute heart failure exacerbation",
      "provenance": [
        113
      ]
    },
    {
      "order_type": "followup",
      "description": "blood pressure check",
      "reason": "hypertension",
      "provenance": [
        131
      ]
    },
    {
      "order_type": "referral",
      "description": "resistant hypertension clinic referral",
      "reason": "uncontrolled hypertension",
      "provenance": [
        134
      ]
    }
  ],
  "acibench_D2N029_virtscribe_train": [
    {
      "order_type": "medication",
      "description": "lasix 40 milligrams a day",
      "reason": "shortness of breath acute heart failure exacerbation",
      "provenance": [
        126,
        127
      ]
    },
    {
      "order_type": "lab",
      "description": "hemoglobin a1c",
      "reason": "type i diabetes",
      "provenance": [
        138
      ]
    }
  ],
  "acibench_D2N052_aci_train": [
    {
      "order_type": "medication",
      "description": "ibuprofen 800 milligrams",
      "reason": "pain management for kidney stone",
      "provenance": [
        28,
        29
      ]
    },
    {
      "order_type": "lab",
      "description": "urinalysis, BMP, and urine culture",
      "reason": "to monitor kidney stone passage and potential infection",
      "provenance": [
        29
      ]
    }
  ],
  "acibench_D2N192_aci_clef_taskC_test3": [
    {
      "order_type": "medication",
      "description": "lisinopril 20 milligrams per day",
      "reason": "hypertension",
      "provenance": [
        44
      ]
    }
  ],
  "acibench_D2N171_virtassist_clef_taskC_test3": [
    {
      "order_type": "medication",
      "description": "aspirin and toprol",
      "reason": "coronary artery disease and recurrent chest pain",
      "provenance": [
        71,
        72
      ]
    },
    {
      "order_type": "lab",
      "description": "stress test",
      "reason": "coronary artery disease and recurrent chest pain",
      "provenance": [
        72
      ]
    },
    {
      "order_type": "lab",
      "description": "lipid panel",
      "reason": "coronary artery disease and recurrent chest pain",
      "provenance": [
        74
      ]
    }
  ],
  "acibench_D2N134_virtassist_clinicalnlp_taskC_test2": [
    {
      "order_type": "medication",
      "description": "doxycycline 100 milligrams twice a day",
      "reason": "treatment for newly diagnosed Lyme disease",
      "provenance": [
        106
      ]
    },
    {
      "order_type": "lab",
      "description": "hemoglobin A1c",
      "reason": "monitoring for type 2 diabetes",
      "provenance": [
        112
      ]
    },
    {
      "order_type": "lab",
      "description": "lyme titer",
      "reason": "diagnosis of Lyme disease",
      "provenance": [
        95
      ]
    },
    {
      "order_type": "imaging",
      "description": "physical examination",
      "reason": "assessment of symptoms",
      "provenance": [
        84
      ]
    },
    {
      "order_type": "referral",
      "description": "infectious disease doctor",
      "reason": "consultation for Lyme disease treatment",
      "provenance": [
        99
      ]
    },
    {
      "order_type": "followup",
      "description": "next week",
      "reason": "follow-up appointment for Lyme disease treatment",
      "provenance": [
        105
      ]
    },
    {
      "order_type": "lab",
      "description": "lipid panel",
      "reason": "monitoring for high blood pressure",
      "provenance": [
        117
      ]
    },
    {
      "order_type": "medication",
      "description": "lisinopril 10 milligrams daily",
      "reason": "treatment for high blood pressure",
      "provenance": [
        116
      ]
    }
  ],
  "acibench_D2N097_virtassist_clinicalnlp_taskB_test1": [
    {
      "order_type": "medication",
      "description": "lisinopril 20 milligrams a day",
      "reason": "high blood pressure",
      "provenance": [
        75
      ]
    }
  ],
  "acibench_D2N123_aci_clinicalnlp_taskB_test1": [
    {
      "order_type": "medication",
      "description": "prilosec 20 milligrams once a day",
      "reason": "difficulty swallowing",
      "provenance": [
        26
      ]
    },
    {
      "order_type": "lab",
      "description": "hemoglobin a1c",
      "reason": "type i diabetes",
      "provenance": [
        15,
        16
      ]
    },
    {
      "order_type": "lab",
      "description": "kidney function",
      "reason": "diabetes",
      "provenance": [
        28
      ]
    },
    {
      "order_type": "referral",
      "description": "gastroenterology scope",
      "reason": "difficulty swallowing",
      "provenance": [
        25
      ]
    }
  ],
  "acibench_D2N111_aci_clinicalnlp_taskB_test1": [
    {
      "order_type": "medication",
      "description": "meloxicam 15 milligrams daily for pain and swelling",
      "reason": "lateral ligament strain",
      "provenance": [
        54,
        62
      ]
    },
    {
      "order_type": "lab",
      "description": "hemoglobin a1c",
      "reason": "type i diabetes",
      "provenance": [
        38
      ]
    },
    {
      "order_type": "imaging",
      "description": "x-ray of right knee",
      "reason": "lateral ligament strain",
      "provenance": [
        54,
        62
      ]
    },
    {
      "order_type": "followup",
      "description": "physical therapy for right knee injury",
      "reason": "lateral ligament strain",
      "provenance": [
        54,
        62
      ]
    }
  ],
  "acibench_D2N032_virtscribe_train": [
    {
      "order_type": "medication",
      "description": "lasix 40 milligrams a day",
      "reason": "shortness of breath acute heart failure exacerbation",
      "provenance": [
        126,
        127
      ]
    },
    {
      "order_type": "lab",
      "description": "hemoglobin a1c",
      "reason": "type i diabetes",
      "provenance": [
        138
      ]
    }
  ],
  "acibench_D2N166_aci_clinicalnlp_taskC_test2": [
    {
      "order_type": "medication",
      "description": "lasix 40 milligrams a day",
      "reason": "shortness of breath acute heart failure exacerbation",
      "provenance": [
        126,
        127
      ]
    },
    {
      "order_type": "lab",
      "description": "hemoglobin a1c",
      "reason": "type i diabetes",
      "provenance": [
        138
      ]
    }
  ],
  "acibench_D2N035_aci_train": [
    {
      "order_type": "medication",
      "description": "water pill",
      "reason": "high blood pressure",
      "provenance": [
        28
      ]
    },
    {
      "order_type": "medication",
      "description": "blood pressure medication",
      "reason": "hypertension",
      "provenance": [
        33
      ]
    },
    {
      "order_type": "medication",
      "description": "renal artery ultrasound",
      "reason": "hypertension",
      "provenance": [
        54
      ]
    },
    {
      "order_type": "lab",
      "description": "hemoglobin a1c",
      "reason": "type i diabetes",
      "provenance": [
        138
      ]
    },
    {
      "order_type": "lab",
      "description": "blood pressure",
      "reason": "hypertension",
      "provenance": [
        54
      ]
    },
    {
      "order_type": "lab",
      "description": "renal function tests",
      "reason": "hypertension",
      "provenance": [
        54
      ]
    },
    {
      "order_type": "imaging",
      "description": "echocardiogram",
      "reason": "congestive heart failure",
      "provenance": [
        52
      ]
    },
    {
      "order_type": "followup",
      "description": "weight monitoring",
      "reason": "congestive heart failure",
      "provenance": [
        52
      ]
    },
    {
      "order_type": "followup",
      "description": "blood pressure monitoring",
      "reason": "hypertension",
      "provenance": [
        54
      ]
    },
    {
      "order_type": "referral",
      "description": "nutritionist consultation",
      "reason": "congestive heart failure",
      "provenance": [
        53
      ]
    }
  ],
  "acibench_D2N062_aci_train": [
    {
      "order_type": "medication",
      "description": "protonix 40 milligrams",
      "reason": "acute esophagitis",
      "provenance": [
        24
      ]
    },
    {
      "order_type": "medication",
      "description": "carafate 1 gram",
      "reason": "acute esophagitis",
      "provenance": [
        24
      ]
    }
  ],
  "acibench_D2N129_virtassist_clinicalnlp_taskC_test2": [
    {
      "order_type": "medication",
      "description": "lasix 40 milligrams a day",
      "reason": "shortness of breath acute heart failure exacerbation",
      "provenance": [
        126,
        127
      ]
    },
    {
      "order_type": "lab",
      "description": "hemoglobin a1c",
      "reason": "type i diabetes",
      "provenance": [
        138
      ]
    }
  ],
  "acibench_D2N170_virtassist_clef_taskC_test3": [
    {
      "order_type": "lab",
      "description": "hemoglobin a1c",
      "reason": "type i diabetes",
      "provenance": [
        138
      ]
    }
  ],
  "primock57_2_2": [
    {
      "order_type": "medication",
      "description": "Ibuprofen 400mg twice a day",
      "reason": "Acute exacerbation of heart failure",
      "provenance": [
        127,
        138
      ]
    },
    {
      "order_type": "lab",
      "description": "Hemoglobin A1c",
      "reason": "Type 1 diabetes",
      "provenance": [
        138
      ]
    }
  ],
  "acibench_D2N009_virtassist_train": [
    {
      "order_type": "medication",
      "description": "meloxicam 15 milligrams once a day and ultram 50 milligrams every four hours as needed",
      "reason": "lumbar strain",
      "provenance": [
        88,
        90,
        91
      ]
    }
  ],
  "primock57_2_4": [
    {
      "order_type": "medication",
      "description": "Prescription of Lasix 40mg daily",
      "reason": "Shortness of breath exacerbation in acute heart failure exacerbation",
      "provenance": [
        126
      ]
    },
    {
      "order_type": "lab",
      "description": "Hemoglobin A1c",
      "reason": "Type 1 diabetes",
      "provenance": [
        138
      ]
    }
  ],
  "acibench_D2N186_aci_clef_taskC_test3": [
    {
      "order_type": "medication",
      "description": "gabapentin",
      "reason": "back surgery",
      "provenance": [
        13,
        14,
        15
      ]
    },
    {
      "order_type": "medication",
      "description": "ibuprofen 800 mg/day",
      "reason": "back pain",
      "provenance": [
        33,
        34,
        35,
        36,
        37,
        38,
        39,
        40,
        41,
        42,
        43,
        44,
        45,
        46,
        47,
        48,
        49
      ]
    },
    {
      "order_type": "medication",
      "description": "meloxicam",
      "reason": "back pain",
      "provenance": [
        52,
        53,
        54,
        55
      ]
    },
    {
      "order_type": "medication",
      "description": "demerol",
      "reason": "back pain",
      "provenance": [
        57
      ]
    }
  ],
  "acibench_D2N050_aci_train": [
    {
      "order_type": "medication",
      "description": "oxycodone 5 milligrams every six to eight hours",
      "reason": "pain management for kidney stone",
      "provenance": [
        19
      ]
    },
    {
      "order_type": "lab",
      "description": "BMP and urinalysis",
      "reason": "to check for infection and ensure kidney function",
      "provenance": [
        19
      ]
    },
    {
      "order_type": "imaging",
      "description": "CT scan of the kidney",
      "reason": "to diagnose and monitor kidney stone",
      "provenance": [
        3,
        15,
        19
      ]
    },
    {
      "order_type": "followup",
      "description": "appointment in one to two weeks",
      "reason": "to monitor kidney stone passage and discuss further treatment if necessary",
      "provenance": [
        20,
        21,
        22,
        23,
        24,
        25
      ]
    }
  ],
  "acibench_D2N198_aci_clef_taskC_test3": [
    {
      "order_type": "lab",
      "description": "hemoglobin a1c",
      "reason": "type i diabetes",
      "provenance": [
        138
      ]
    }
  ],
  "acibench_D2N161_aci_clinicalnlp_taskC_test2": [
    {
      "order_type": "medication",
      "description": "bumex 2 milligrams one daily",
      "reason": "congestive heart failure",
      "provenance": [
        12,
        21
      ]
    },
    {
      "order_type": "medication",
      "description": "cozaar 100 milligrams daily",
      "reason": "hypertension",
      "provenance": [
        25,
        27
      ]
    },
    {
      "order_type": "medication",
      "description": "norvasc 5 milligrams once daily",
      "reason": "hypertension",
      "provenance": [
        25,
        27
      ]
    },
    {
      "order_type": "lab",
      "description": "renal artery ultrasound",
      "reason": "hypertension",
      "provenance": [
        27
      ]
    },
    {
      "order_type": "lab",
      "description": "hemoglobin a1c",
      "reason": "type i diabetes",
      "provenance": [
        138
      ]
    }
  ],
  "acibench_D2N112_aci_clinicalnlp_taskB_test1": [
    {
      "order_type": "medication",
      "description": "epidural steroid injection",
      "reason": "acute disk herniation at l4 l5 with nerve root impingement",
      "provenance": [
        31
      ]
    }
  ],
  "primock57_5_7": [
    {
      "order_type": "medication",
      "description": "lasix 40 milligrams a day",
      "reason": "acute heart failure exacerbation",
      "provenance": [
        126,
        127
      ]
    },
    {
      "order_type": "lab",
      "description": "hemoglobin a1c",
      "reason": "type i diabetes",
      "provenance": [
        138
      ]
    }
  ],
  "acibench_D2N051_aci_train": [
    {
      "order_type": "medication",
      "description": "lasix 40 milligrams a day",
      "reason": "shortness of breath acute heart failure exacerbation",
      "provenance": [
        126,
        127
      ]
    },
    {
      "order_type": "lab",
      "description": "hemoglobin a1c",
      "reason": "type i diabetes",
      "provenance": [
        138
      ]
    }
  ],
  "acibench_D2N016_virtassist_train": [
    {
      "order_type": "medication",
      "description": "lasix 40 milligrams a day",
      "reason": "shortness of breath acute heart failure exacerbation",
      "provenance": [
        126,
        127
      ]
    }
  ],
  "acibench_D2N073_virtscribe_valid": [
    {
      "order_type": "medication",
      "description": "ferrous sulfate",
      "reason": "iron deficiency anemia",
      "provenance": [
        15,
        16,
        17,
        18,
        19,
        20,
        21,
        22,
        23,
        24,
        25,
        26,
        27,
        28,
        29,
        30,
        31,
        32,
        33,
        34,
        35,
        36,
        37,
        38,
        39,
        40,
        41,
        42,
        43,
        44,
        45,
        46,
        47,
        48,
        49,
        50,
        51,
        52,
        53,
        54,
        55,
        56,
        57,
        58,
        59,
        60,
        61,
        62,
        63,
        64,
        65,
        66,
        67,
        68,
        69,
        70,
        71,
        72,
        73,
        74,
        75,
        76,
        77,
        78,
        79,
        80,
        81,
        82,
        83,
        84,
        85,
        86,
        87,
        88,
        89,
        90,
        91,
        92,
        93,
        94,
        95,
        96,
        97,
        98,
        99,
        100,
        101,
        102,
        103,
        104,
        105,
        106,
        107,
        108,
        109,
        110,
        111,
        112,
        113,
        114,
        115,
        116,
        117,
        118,
        119,
        120,
        121,
        122,
        123
      ]
    },
    {
      "order_type": "lab",
      "description": "hemoglobin a1c",
      "reason": "type i diabetes",
      "provenance": [
        138
      ]
    }
  ],
  "primock57_4_8": [
    {
      "order_type": "medication",
      "description": "lasix 40mg daily",
      "reason": "shortness of breath exacerbation",
      "provenance": [
        126,
        127
      ]
    },
    {
      "order_type": "lab",
      "description": "hemoglobin A1c",
      "reason": "type 1 diabetes",
      "provenance": [
        138
      ]
    },
    {
      "order_type": "imaging",
      "description": "chest X-ray",
      "reason": "shortness of breath exacerbation",
      "provenance": [
        133,
        134
      ]
    },
    {
      "order_type": "followup",
      "description": "follow-up appointment",
      "reason": "shortness of breath exacerbation",
      "provenance": [
        139
      ]
    }
  ],
  "acibench_D2N006_virtassist_train": [
    {
      "order_type": "medication",
      "description": "lasix 40 milligrams a day",
      "reason": "shortness of breath acute heart failure exacerbation",
      "provenance": [
        126,
        127
      ]
    },
    {
      "order_type": "lab",
      "description": "hemoglobin a1c",
      "reason": "type i diabetes",
      "provenance": [
        138
      ]
    }
  ],
  "acibench_D2N181_virtscribe_clef_taskC_test3": null,
  "acibench_D2N114_aci_clinicalnlp_taskB_test1": [
    {
      "order_type": "lab",
      "description": "hemoglobin a1c",
      "reason": "type i diabetes",
      "provenance": [
        138
      ]
    }
  ],
  "primock57_3_4": [
    {
      "order_type": "medication",
      "description": "blue inhaler",
      "reason": "asthma exacerbation",
      "provenance": [
        19,
        20,
        21,
        22,
        23,
        24,
        25,
        26,
        27,
        28,
        29,
        30,
        31,
        32,
        33,
        34,
        35,
        36,
        37,
        38,
        39,
        40,
        41,
        42,
        43,
        44,
        45,
        46,
        47,
        48,
        49,
        50,
        51,
        52,
        53,
        54,
        55,
        56,
        57,
        58,
        59,
        60,
        61,
        62,
        63,
        64,
        65,
        66,
        67,
        68,
        69,
        70,
        71,
        72,
        73,
        74,
        75,
        76,
        77,
        78,
        79,
        80,
        81,
        82,
        83,
        84,
        85,
        86,
        87,
        88,
        89,
        90,
        91,
        92,
        93,
        94,
        95,
        96,
        97,
        98,
        99,
        100,
        101,
        102,
        103,
        104,
        105,
        106,
        107,
        108,
        109,
        110,
        111,
        112,
        113,
        114,
        115,
        116,
        117,
        118,
        119,
        120,
        121,
        122,
        123,
        124,
        125,
        126,
        127,
        128,
        129,
        130,
        131,
        132,
        133,
        134,
        135,
        136,
        137,
        138,
        139,
        140,
        141,
        142,
        143,
        144,
        145,
        146,
        147,
        148,
        149,
        150,
        151,
        152,
        153,
        154,
        155,
        156,
        157,
        158,
        159
      ]
    },
    {
      "order_type": "lab",
      "description": "hemoglobin a1c",
      "reason": "type i diabetes",
      "provenance": [
        138
      ]
    }
  ],
  "acibench_D2N066_aci_train": [
    {
      "order_type": "medication",
      "description": "naprosyn 500 milligrams twice a day and flexeril 10 milligrams twice a day",
      "reason": "back pain",
      "provenance": [
        43
      ]
    },
    {
      "order_type": "lab",
      "description": "hemoglobin A1c",
      "reason": "diabetes",
      "provenance": [
        21,
        25,
        29,
        31,
        33,
        35,
        37,
        39,
        41,
        43,
        44,
        46
      ]
    },
    {
      "order_type": "lab",
      "description": "CBC, BMP, kidney function, ECG, chest X-ray",
      "reason": "high blood pressure and edema",
      "provenance": [
        31,
        33,
        34,
        35,
        36,
        37,
        38,
        39,
        40,
        41,
        43,
        44,
        46
      ]
    }
  ],
  "acibench_D2N077_aci_valid": [
    {
      "order_type": "medication",
      "description": "ultram 50 milligrams every six hours",
      "reason": "pain management",
      "provenance": [
        60
      ]
    },
    {
      "order_type": "lab",
      "description": "hemoglobin A1c",
      "reason": "diabetes management",
      "provenance": [
        138
      ]
    },
    {
      "order_type": "imaging",
      "description": "X-ray",
      "reason": "fracture diagnosis",
      "provenance": [
        54
      ]
    },
    {
      "order_type": "followup",
      "description": "physical therapy",
      "reason": "wrist rehabilitation",
      "provenance": [
        66
      ]
    }
  ],
  "acibench_D2N187_aci_clef_taskC_test3": [
    {
      "order_type": "medication",
      "description": "injection of lucentes",
      "reason": "advanced stage of neovascular age-related macular degeneration",
      "provenance": [
        29
      ]
    }
  ],
  "acibench_D2N046_aci_train": [
    {
      "order_type": "medication",
      "description": "lasix 40 milligrams a day",
      "reason": "shortness of breath acute heart failure exacerbation",
      "provenance": [
        126,
        127
      ]
    },
    {
      "order_type": "lab",
      "description": "hemoglobin a1c",
      "reason": "type i diabetes",
      "provenance": [
        138
      ]
    }
  ],
  "primock57_1_6": [
    {
      "order_type": "medication",
      "description": "lasix 40mg daily",
      "reason": "shortness of breath due to heart failure",
      "provenance": [
        127
      ]
    },
    {
      "order_type": "lab",
      "description": "hemoglobin A1c",
      "reason": "type 1 diabetes",
      "provenance": [
        138
      ]
    }
  ],
  "acibench_D2N019_virtassist_train": [
    {
      "order_type": "medication",
      "description": "800 milligrams of motrin every six hours",
      "reason": "lateral epicondylitis",
      "provenance": [
        78
      ]
    },
    {
      "order_type": "procedure",
      "description": "sling for comfort",
      "reason": "lateral epicondylitis",
      "provenance": [
        79
      ]
    }
  ],
  "acibench_D2N176_virtassist_clef_taskC_test3": [
    {
      "order_type": "medication",
      "description": "protonix 40 milligrams a day",
      "reason": "reflux",
      "provenance": [
        12,
        13,
        15,
        16,
        17,
        18,
        20,
        21,
        22,
        23,
        24,
        25,
        26,
        27,
        28,
        29,
        30,
        31,
        32,
        33,
        34,
        35,
        36,
        37,
        38,
        39,
        40,
        41,
        42,
        43,
        44,
        45,
        46,
        47,
        48,
        49,
        50,
        51,
        52,
        53,
        54,
        55,
        56,
        57,
        58,
        59,
        60,
        61,
        62,
        63,
        64,
        65,
        66,
        67,
        68,
        69,
        70,
        71,
        72,
        73,
        74,
        75,
        76,
        77,
        78,
        79,
        80,
        81,
        82,
        83,
        84,
        85,
        86,
        87,
        88,
        89,
        90,
        91,
        92,
        93,
        94,
        95,
        96,
        97,
        98,
        99,
        100,
        101,
        102,
        103,
        104,
        105,
        106,
        107,
        108,
        109,
        110,
        111,
        112,
        113
      ]
    }
  ],
  "acibench_D2N064_aci_train": [
    {
      "order_type": "medication",
      "description": "ibuprofen",
      "reason": "pain management",
      "provenance": [
        12,
        16
      ]
    },
    {
      "order_type": "medication",
      "description": "tylenol",
      "reason": "pain management",
      "provenance": [
        16
      ]
    },
    {
      "order_type": "medication",
      "description": "air cast",
      "reason": "ankle stabilization",
      "provenance": [
        22
      ]
    },
    {
      "order_type": "medication",
      "description": "crutches",
      "reason": "ankle support",
      "provenance": [
        22
      ]
    },
    {
      "order_type": "lab",
      "description": "x-ray",
      "reason": "ankle injury assessment",
      "provenance": [
        22
      ]
    },
    {
      "order_type": "followup",
      "description": "physical exam",
      "reason": "ankle injury evaluation",
      "provenance": [
        23
      ]
    },
    {
      "order_type": "followup",
      "description": "x-ray review",
      "reason": "ankle injury assessment",
      "provenance": [
        24
      ]
    },
    {
      "order_type": "followup",
      "description": "medical assessment and plan",
      "reason": "ankle injury management",
      "provenance": [
        25
      ]
    }
  ],
  "acibench_D2N083_aci_valid": [
    {
      "order_type": "medication",
      "description": "ibuprofen",
      "reason": "pain relief",
      "provenance": [
        24,
        32
      ]
    },
    {
      "order_type": "lab",
      "description": "x-ray of elbow",
      "reason": "diagnosis of medial epicondylitis",
      "provenance": [
        34
      ]
    },
    {
      "order_type": "followup",
      "description": "sling",
      "reason": "treatment for medial epicondylitis",
      "provenance": [
        35
      ]
    },
    {
      "order_type": "imaging",
      "description": "x-ray of elbow",
      "reason": "diagnosis of medial epicondylitis",
      "provenance": [
        34
      ]
    }
  ],
  "acibench_D2N021_virtscribe_train": [
    {
      "order_type": "medication",
      "description": "lasix 40mg daily",
      "reason": "hypertension",
      "provenance": [
        126,
        127
      ]
    },
    {
      "order_type": "lab",
      "description": "hemoglobin A1c",
      "reason": "type 1 diabetes",
      "provenance": [
        138
      ]
    },
    {
      "order_type": "imaging",
      "description": "echocardiogram",
      "reason": "hypertension",
      "provenance": [
        139
      ]
    },
    {
      "order_type": "followup",
      "description": "follow-up appointment",
      "reason": "hypertension",
      "provenance": [
        140
      ]
    },
    {
      "order_type": "referral",
      "description": "referral to endocrinologist",
      "reason": "hypertension",
      "provenance": [
        141
      ]
    },
    {
      "order_type": "medication",
      "description": "clindamycin 1% gel and benzoyl peroxide 5% gel",
      "reason": "acne vulgaris",
      "provenance": [
        142
      ]
    },
    {
      "order_type": "lab",
      "description": "thyroid function tests",
      "reason": "hypothyroidism",
      "provenance": [
        143
      ]
    },
    {
      "order_type": "imaging",
      "description": "ultrasound of thyroid gland",
      "reason": "hypothyroidism",
      "provenance": [
        144
      ]
    },
    {
      "order_type": "followup",
      "description": "follow-up appointment",
      "reason": "hypothyroidism",
      "provenance": [
        145
      ]
    },
    {
      "order_type": "referral",
      "description": "referral to endocrinologist",
      "reason": "hypothyroidism",
      "provenance": [
        146
      ]
    },
    {
      "order_type": "medication",
      "description": "unithroid 0.9mg daily",
      "reason": "hypothyroidism",
      "provenance": [
        147
      ]
    },
    {
      "order_type": "lab",
      "description": "fasting glucose",
      "reason": "type 2 diabetes",
      "provenance": [
        148
      ]
    },
    {
      "order_type": "imaging",
      "description": "abdominal ultrasound",
      "reason": "type 2 diabetes",
      "provenance": [
        149
      ]
    },
    {
      "order_type": "followup",
      "description": "follow-up appointment",
      "reason": "type 2 diabetes",
      "provenance": [
        150
      ]
    },
    {
      "order_type": "referral",
      "description": "referral to endocrinologist",
      "reason": "type 2 diabetes",
      "provenance": [
        151
      ]
    },
    {
      "order_type": "medication",
      "description": "clindamycin 1% gel and benzoyl peroxide 5% gel",
      "reason": "acne vulgaris",
      "provenance": [
        152
      ]
    },
    {
      "order_type": "lab",
      "description": "thyroid function tests",
      "reason": "hypothyroidism",
      "provenance": [
        153
      ]
    },
    {
      "order_type": "imaging",
      "description": "ultrasound of thyroid gland",
      "reason": "hypothyroidism",
      "provenance": [
        154
      ]
    },
    {
      "order_type": "followup",
      "description": "follow-up appointment",
      "reason": "hypothyroidism",
      "provenance": [
        155
      ]
    },
    {
      "order_type": "referral",
      "description": "referral to endocrinologist",
      "reason": "hypothyroidism",
      "provenance": [
        156
      ]
    },
    {
      "order_type": "medication",
      "description": "unithroid 0.9mg daily",
      "reason": "hypothyroidism",
      "provenance": [
        157
      ]
    },
    {
      "order_type": "lab",
      "description": "fasting glucose",
      "reason": "type 2 diabetes",
      "provenance": [
        158
      ]
    },
    {
      "order_type": "imaging",
      "description": "abdominal ultrasound",
      "reason": "type 2 diabetes",
      "provenance": [
        159
      ]
    },
    {
      "order_type": "followup",
      "description": "follow-up appointment",
      "reason": "type 2 diabetes",
      "provenance": [
        160
      ]
    },
    {
      "order_type": "referral",
      "description": "referral to endocrinologist",
      "reason": "type 2 diabetes",
      "provenance": [
        161
      ]
    },
    {
      "order_type": "medication",
      "description": "clindamycin 1% gel and benzoyl peroxide 5% gel",
      "reason": "acne vulgaris",
      "provenance": [
        162
      ]
    },
    {
      "order_type": "lab",
      "description": "thyroid function tests",
      "reason": "hypothyroidism",
      "provenance": [
        163
      ]
    },
    {
      "order_type": "imaging",
      "description": "ultrasound of thyroid gland",
      "reason": "hypothyroidism",
      "provenance": [
        164
      ]
    },
    {
      "order_type": "followup",
      "description": "follow-up appointment",
      "reason": "hypothyroidism",
      "provenance": [
        165
      ]
    },
    {
      "order_type": "referral",
      "description": "referral to endocrinologist",
      "reason": "hypothyroidism",
      "provenance": [
        166
      ]
    },
    {
      "order_type": "medication",
      "description": "unithroid 0.9mg daily",
      "reason": "hypothyroidism",
      "provenance": [
        167
      ]
    },
    {
      "order_type": "lab",
      "description": "fasting glucose",
      "reason": "type 2 diabetes",
      "provenance": [
        168
      ]
    },
    {
      "order_type": "imaging",
      "description": "abdominal ultrasound",
      "reason": "type 2 diabetes",
      "provenance": [
        169
      ]
    },
    {
      "order_type": "followup",
      "description": "follow-up appointment",
      "reason": "type 2 diabetes",
      "provenance": [
        170
      ]
    },
    {
      "order_type": "referral",
      "description": "referral to endocrinologist",
      "reason": "type 2 diabetes",
      "provenance": [
        171
      ]
    },
    {
      "order_type": "medication",
      "description": "clindamycin 1% gel and benzoyl peroxide 5% gel",
      "reason": "acne vulgaris",
      "provenance": [
        172
      ]
    },
    {
      "order_type": "lab",
      "description": "thyroid function tests",
      "reason": "hypothyroidism",
      "provenance": [
        173
      ]
    },
    {
      "order_type": "imaging",
      "description": "ultrasound of thyroid gland",
      "reason": "hypothyroidism",
      "provenance": [
        174
      ]
    },
    {
      "order_type": "followup",
      "description": "follow-up appointment",
      "reason": "hypothyroidism",
      "provenance": [
        175
      ]
    },
    {
      "order_type": "referral",
      "description": "referral to endocrinologist",
      "reason": "hypothyroidism",
      "provenance": [
        176
      ]
    },
    {
      "order_type": "medication",
      "description": "unithroid 0.9mg daily",
      "reason": "hypothyroidism",
      "provenance": [
        177
      ]
    },
    {
      "order_type": "lab",
      "description": "fasting glucose",
      "reason": "type 2 diabetes"
    }
  ],
  "acibench_D2N153_aci_clinicalnlp_taskC_test2": [
    {
      "order_type": "medication",
      "description": "meloxicam 15 milligrams once a day",
      "reason": "lateral collateral ligament strain",
      "provenance": [
        49,
        50
      ]
    }
  ],
  "acibench_D2N094_virtassist_clinicalnlp_taskB_test1": [
    {
      "order_type": "medication",
      "description": "mobic 15 milligrams once a day",
      "reason": "sprain of the distal interphalangeal joint of the right index finger",
      "provenance": [
        63,
        64,
        66
      ]
    }
  ],
  "acibench_D2N193_aci_clef_taskC_test3": [
    {
      "order_type": "medication",
      "description": "lasix 40 milligrams a day",
      "reason": "shortness of breath acute heart failure exacerbation",
      "provenance": [
        126,
        127
      ]
    },
    {
      "order_type": "lab",
      "description": "hemoglobin a1c",
      "reason": "type i diabetes",
      "provenance": [
        138
      ]
    }
  ],
  "acibench_D2N001_virtassist_train": [
    {
      "order_type": "medication",
      "description": "lasix 40 milligrams a day",
      "reason": "shortness of breath acute heart failure exacerbation",
      "provenance": [
        126,
        127
      ]
    },
    {
      "order_type": "lab",
      "description": "hemoglobin a1c",
      "reason": "type i diabetes",
      "provenance": [
        138
      ]
    }
  ],
  "primock57_2_8": [
    {
      "order_type": "medication",
      "description": "40 milligrams of Seroxat daily",
      "reason": "Patient has been prescribed Seroxat for depression",
      "provenance": [
        121
      ]
    },
    {
      "order_type": "lab",
      "description": "hemoglobin A1c",
      "reason": "Patient has type 1 diabetes and needs regular monitoring of blood sugar levels",
      "provenance": [
        138
      ]
    },
    {
      "order_type": "imaging",
      "description": "chest X-ray",
      "reason": "Patient has chest pain and shortness of breath, which could be indicative of a heart attack or other cardiac event",
      "provenance": [
        133
      ]
    },
    {
      "order_type": "followup",
      "description": "follow-up appointment with the doctor",
      "reason": "Patient needs to be monitored and managed for their acute heart failure exacerbation",
      "provenance": [
        126,
        127
      ]
    },
    {
      "order_type": "referral",
      "description": "referral to a cardiologist",
      "reason": "Patient needs further evaluation and management for their acute heart failure exacerbation",
      "provenance": [
        128
      ]
    }
  ],
  "acibench_D2N144_virtscribe_clinicalnlp_taskC_test2": [
    {
      "order_type": "medication",
      "description": "steroid injection in the right knee",
      "reason": "shortness of breath acute heart failure exacerbation",
      "provenance": [
        126,
        127
      ]
    },
    {
      "order_type": "lab",
      "description": "hemoglobin a1c",
      "reason": "type i diabetes",
      "provenance": [
        138
      ]
    }
  ],
  "primock57_3_5": [
    {
      "order_type": "medication",
      "description": "lasix 40 milligrams a day",
      "reason": "shortness of breath acute heart failure exacerbation",
      "provenance": [
        126,
        127
      ]
    },
    {
      "order_type": "lab",
      "description": "hemoglobin a1c",
      "reason": "type i diabetes",
      "provenance": [
        138
      ]
    }
  ],
  "acibench_D2N132_virtassist_clinicalnlp_taskC_test2": [
    {
      "order_type": "medication",
      "description": "ibuprofen",
      "reason": "lower back strain",
      "provenance": [
        65
      ]
    },
    {
      "order_type": "imaging",
      "description": "x-ray",
      "reason": "lower back pain",
      "provenance": [
        36,
        37,
        38,
        39,
        40,
        41,
        42,
        43
      ]
    },
    {
      "order_type": "followup",
      "description": "medical exam",
      "reason": "lower back pain",
      "provenance": [
        44,
        45,
        46,
        47,
        48,
        49,
        50,
        51,
        52,
        53,
        54,
        55,
        56,
        57,
        58,
        59,
        60,
        61,
        62,
        63,
        64,
        65,
        66,
        67,
        68,
        69,
        70,
        71,
        72,
        73,
        74,
        75,
        76,
        77,
        78,
        79,
        80,
        81,
        82,
        83,
        84
      ]
    }
  ]
}